picto;url
Ventilateur débit variable ; http://iconmonstr.com/steam-3-icon/
Loi d’eau optimisée ; http://iconmonstr.com/cpu-7-icon/
Sensibilisation des intervenants ; http://iconmonstr.com/language-9-icon/
Sensibilisation des intervenants ; http://iconmonstr.com/language-7-icon/
Programmation usages ; http://iconmonstr.com/calculator-4-icon/
Départs différenciés ; http://iconmonstr.com/control-panel-4-icon/
Xxxxxxxx ; http://iconmonstr.com/control-panel-11-icon/
Xxxxxxxx ; http://iconmonstr.com/control-panel-14-icon/
Xxxxxxxxxxx ; http://iconmonstr.com/control-panel-16-icon/
Triple vitrage ; http://iconmonstr.com/layer-15-icon/
Double vitrage ; http://iconmonstr.com/layer-icon/
Isolation toiture ; http://iconmonstr.com/archive-10-icon/
mise à niveau GTB ? ; http://iconmonstr.com/sort-25-icon/
éclairage ; http://iconmonstr.com/flask-15-icon/
éclairage ; http://iconmonstr.com/flask-16-icon/
éclairage ; http://iconmonstr.com/flask-19-icon/
zonage ; http://iconmonstr.com/sitemap-icon/
récupération d’énergie / recyclage ; http://iconmonstr.com/retweet-4-icon/
reprise étanchiété ; http://iconmonstr.com/table-icon/
horloge ; http://iconmonstr.com/radio-5-icon/
stockage eau chaude ; http://iconmonstr.com/beer-9-icon/
radiateurs ; http://iconmonstr.com/barcode-2-icon/
robinets thermostatiques ; http://iconmonstr.com/barcode-6-icon/ icône retournée !
calorifugeage des réseaux ; http://iconmonstr.com/loading-8-icon/
désembouage des réseaux ; http://iconmonstr.com/loading-14-icon/
isolation ; http://iconmonstr.com/loading-19-icon/
gradation ; http://iconmonstr.com/brightness-5-icon/
isolation extérieure ; http://iconmonstr.com/brightness-11-icon/
isolation intérieure ; http://iconmonstr.com/brightness-12-icon/
éclairage ; http://iconmonstr.com/light-bulb-6-icon/
éclairage ; http://iconmonstr.com/light-bulb-16-icon/
chaudière gaz ; http://iconmonstr.com/battery-24-icon/
départ différenciés ; http://iconmonstr.com/direction-7-icon/
ventilation ; http://iconmonstr.com/chrome-3-icon/
ventilation ; http://iconmonstr.com/chrome-5-icon/
stores ; http://iconmonstr.com/layer-14-icon/
energy management ; http://iconmonstr.com/gamepad-4-icon/
cogénération ; http://iconmonstr.com/battery-12-icon/
bruleur modulant ; http://iconmonstr.com/battery-16-icon/
suppression du bouclage ECS ; http://iconmonstr.com/infinity-5-icon/
stores ; http://iconmonstr.com/menu-4-icon/
survitrage ; http://iconmonstr.com/copy-7-icon/
maintenance / réglage ; http://iconmonstr.com/tools-3-icon/
isolation des combles ; http://iconmonstr.com/shop-3-icon/
remplacement fluide frigo ; http://iconmonstr.com/virus-scan-4-icon/
GTB ; http://iconmonstr.com/monitoring-5-icon/
Compression étagée ; http://iconmonstr.com/password-2-icon/
Groupe froid ou ??? ; http://iconmonstr.com/safe-2-icon/
Bruleur modulant ; http://iconmonstr.com/stream-2-icon/
Supression stockage ECS ; http://iconmonstr.com/database-7-icon/
???????????? ; http://iconmonstr.com/sound-wave-2-icon/
Régulation / robinet thermostatique ; http://iconmonstr.com/volume-control-2-icon/
Diffusion d’air ; http://iconmonstr.com/audio-4-icon/
Diffusion d’air ; http://iconmonstr.com/audio-3-icon/
Energy management ; http://iconmonstr.com/bar-chart-7-icon/
Compteur ??? ; http://iconmonstr.com/dashboard-5-icon/
moteur ; http://iconmonstr.com/gear-2-icon/
picto réserve ; http://iconmonstr.com/3d-view-icon/
divers ; http://iconmonstr.com/square-dashed-rounded-icon/
isolation vide sanitaire ; http://iconmonstr.com/myspace-5-icon/
isolation terrasse ; http://iconmonstr.com/myspace-5-icon/
énergie bois ; http://iconmonstr.com/feedburner-5-icon/
electricité ; http://iconmonstr.com/cargo-3-icon/
légo ; http://iconmonstr.com/brick-8-icon/
légo 2 ; http://iconmonstr.com/brick-6-icon/
CPU ; http://iconmonstr.com/cpu-2-icon/
;http://iconmonstr.com/cube-icon/
;http://iconmonstr.com/cube-2-icon/
;http://iconmonstr.com/cube-11-icon/
;http://iconmonstr.com/cube-18-icon/
;http://iconmonstr.com/disc-3-icon/
;http://iconmonstr.com/umbrella-icon/
;http://iconmonstr.com/drop-2-icon/
;http://iconmonstr.com/drop-3-icon/
;http://iconmonstr.com/drop-5-icon/
;http://iconmonstr.com/drop-29-icon/
;http://iconmonstr.com/drop-30-icon/
;http://iconmonstr.com/drop-26-icon/
;http://iconmonstr.com/code-fork-7-icon/
;http://iconmonstr.com/delicious-3-icon/
;http://iconmonstr.com/cargo-3-icon/
;http://iconmonstr.com/cargo-4-icon/
;http://iconmonstr.com/cargo-5-icon/
;http://iconmonstr.com/drop-15-icon/
;http://iconmonstr.com/forrst-5-icon/
;http://iconmonstr.com/forrst-3-icon/
;http://iconmonstr.com/flickr-3-icon/
;http://iconmonstr.com/stumbleupon-5-icon/
;http://iconmonstr.com/stumbleupon-3-icon/
;http://iconmonstr.com/soundcloud-5-icon/
;http://iconmonstr.com/soundcloud-3-icon/
;http://iconmonstr.com/soundcloud-icon/
;http://iconmonstr.com/network-6-icon/
;http://www.flaticon.com/free-icon/wall-of-bricks_46335
;http://www.flaticon.com/free-icon/house-with-solar-panel-installed_34550
;http://www.flaticon.com/free-icon/solar-panel_40463
;http://www.flaticon.com/free-icon/wind-mills_25137
;http://www.flaticon.com/free-icon/eco-energy-power_25163
;http://www.flaticon.com/free-icon/ventilation-symbol_12885
;http://www.flaticon.com/free-icon/bio-fuel-symbol_25196
;http://www.flaticon.com/free-icon/analytics-graphic-on-screen_33628
;http://www.flaticon.com/free-icon/seo-monitoring_13802
;http://www.flaticon.com/free-icon/air-conditioner_34680
;http://www.flaticon.com/free-icon/thermometer-temperature-control-tool-in-winter_27440
;http://www.flaticon.com/free-icon/heating_34915
;http://www.flaticon.com/free-icon/teacher-pointing-blackboard_42912
